,created,subreddit,text,id,Organizations,Sentiment
93,2021-05-26,stocks,"I was doing some more research on fusion for the first time in years. Im bullish on the future of fusion reactors for multitude of factors. 

How can I invest into this ? Will ITER ever go public? Or is there a better way to invest in fusion? Aka general fusion. Im from canada so I was looking into this. This is also a private company. I dont know how to invest in start ups but would like to open a large position the earlier the better. And yes I'm prepared to hodl for 30 years I am young . Thanks to everyone and anyone who takes time to reply :) hagd",nlbyjy,[],1
97,2021-05-26,stocks,"As the title says I'm really interested in your thought about this ETF? I don't see it (or other sustainable energy stocks/ETF's) mentioned here a lot. Maybe I'm not reading correctly. I see a lot of potential in etf's like these since I really think we're heading into a sustainable world. What's your take?

I've bought this etf for the first time when it was sitting at around 15. It's been decreasing since that point all the way to around 10 euro's. I kept averaging down until now at 10.XX. still buying more and hoping it's a good one for the long run! 

How much risk is there involved from your perspective?",nlbzl1,[],0
138,2021-05-26,stocks,"These daily discussions run from Monday to Friday including during our themed posts.

Some helpful links:

* [Finviz](https://finviz.com/quote.ashx?t=spy) for charts, fundamentals, and aggregated news on individual stocks
* [Bloomberg market news](https://www.bloomberg.com/markets)
* StreetInsider news:
  * [Market Check](https://www.streetinsider.com/Market+Check) - Possibly why the market is doing what it's doing including sudden spikes/dips
  * [Reuters aggregated](https://www.streetinsider.com/Reuters) - Global news

If you have a basic question, for example ""what is EPS,"" then google ""investopedia EPS"" and click the investopedia article on it; do this for everything until you have a more in depth question or just want to share what you learned.

Please discuss your portfolios in the [Rate My Portfolio sticky.](https://www.reddit.com/r/stocks/search?sort=new&q=Rate+My+Portfolio+-+r%2FStocks+Quarterly+Thread&t=all&restrict_sr=on).

See our past [daily discussions here.](https://www.reddit.com/r/stocks/search?q=author%3Aautomoderator+%22r%2Fstocks+daily+discussion%22&restrict_sr=on&sort=new&t=all)  Also links for:  [Technicals](https://www.reddit.com/r/stocks/search?q=author%3Aautomoderator+title%3Atechnicals&restrict_sr=on&include_over_18=on&sort=new&t=all) Tuesday, [Options Trading](https://www.reddit.com/r/stocks/search?q=author%3Aautomoderator+title%3Aoptions&restrict_sr=on&include_over_18=on&sort=new&t=all) Thursday, and [Fundamentals](https://www.reddit.com/r/stocks/search?q=author%3Aautomoderator+title%3Afundamentals&restrict_sr=on&include_over_18=on&sort=new&t=all) Friday.",nlcs5h,[],1
173,2021-05-26,stocks,"As the market becomes more and more unstable, I‚Äôve started to shift some of my portfolio to long term puts. I‚Äôm thinking of very high pe or unprofitable tech companies. (Maybe dash or zoom) 

What would be your picks/why?",nldgbo,[],0
179,2021-05-26,stocks,"Say I‚Äôm doing a call on AMC for $19 and the date is may 28th, that means that I want to buy this if I have a good feeling that it will hit $19 by may 28th, right?

The call also says it costs 74 cents. So I have to multiply that by 100, so it costs me $74 for the call. Is the $74 like the cost for the option? Meaning you don‚Äôt get that money back?

Also, if it does hit $19 and the price is currently $17.05, does that mean I get the 100 shares for $17.05 each?

I know these are basic questions but I have watched a few videos and did some reading and want to make sure I am understanding correctly.

Thanks!",nldj8c,['AMC'],0
230,2021-05-26,stocks,"The meme stock scheduled posts will run Mon to Fri and won't be a sticky; you're probably seeing this because automod sent you here or you woke up early Wall St time; good morning!

------

Welcome traders who just can't help them selves discuss the same exact stock that's been discussed 100s of times a day.  I get it, you want to talk about what's popular, what's hot, and that 1.. single.. stock you like.. well here you go!  Some helpful links just for you:

* [Previous meme stock threads](https://www.reddit.com/r/stocks/search?q=author%3Aautomoderator+title%3A%28common+OR+meme%29&restrict_sr=on&include_over_18=on&sort=new&t=all)
* [Previous discussions on overlooked (and possibly undervalued) stocks](https://www.reddit.com/r/stocks/search?q=author%3Aautomoderator+title%3Aoverlooked&restrict_sr=on&include_over_18=on&sort=new&t=all)
* [General discussions](https://www.reddit.com/r/stocks/search?q=author%3Aautomoderator+title%3Adiscussion&restrict_sr=on&include_over_18=on&sort=new&t=all)
* [The **original GME megathread**](https://www.reddit.com/r/stocks/comments/layb68/rstocks_gme_megathread/) with a ton of useful information
* [Use Finviz for aggregated news on your favorite stock](https://finviz.com/quote.ashx?t=gme)

An important message from our mod u/TCGYT [regarding meme stocks.](https://www.reddit.com/r/stocks/wiki/meme-stocks-warning)

Lastly if you need professional help:

* Problem Gambling:  Call/Text: 1-800-522-4700 or [chat online now.](https://WWW.NCPGAMBLING.ORG/CHAT)
* Crisis Hotline (24/7): 1-800-273-TALK (8255) (Veterans, press 1) or Text ‚ÄúHOME‚Äù to 741-741",nle6cf,['GME'],0
355,2021-05-26,stocks,"I have been doing a lot of research. I understand how to do due diligence to know if a stock is worth buying. A question I haven‚Äôt gotten answered yet, where do I start to find a stock? 

Do you just go to a sector and evaluate stock by stock? Do you go off of news information? I just can‚Äôt seem to find the answer. There are thousands of stocks and going stock by stock seems time consuming. Not looking for an easy way out, just trying to understand.",nlfsj9,[],0
414,2021-05-26,stocks,"I noticed that $SPCE tends to run up and get knocked down, and was thinking about opening a position today with some put options. I know they had their successful flight, but it was delayed by months and it seems there is still a very bearish sentiment on the company. If anyone has any input that can help before I throw in money, please share.",nlgbz6,[],0
481,2021-05-26,stocks,"I'm very new to stocks and trading, and I'm wondering what people realistically make off day trading. Obviously it depends on the stocks and how much money you put into them, but what I mean is: if a good investment stock looks like 10% growth per year, then is a realistic day trade more like 1% growth at the end of the day? I see some stocks on Webull that show 40% or even 100% growth after a few days, but I'm guessing that means it's no longer a good time to buy them if the point is to day trade. 

Apologies for the simplistic language! I'm on a pre-k level in the stock market and its lingo.",nlgtcs,[],0
542,2021-05-26,stocks,">A joint statement from the companies said: ""Amazon will help preserve MGM's heritage and catalogue of films, and provide customers with greater access to these existing works.""

>The acquisition is Amazon's second biggest after it snapped up grocery chain Whole Foods for nearly $14bn in 2017.

https://news.sky.com/story/amazon-agrees-deal-to-buy-james-bond-maker-mgm-for-8-45bn-12317488",nlh6fq,[],1
566,2021-05-26,stocks,"*TLDR (because I hate it when they are at the end) ‚Äì I build a model that enriches investors‚Äô intuition with AI and alternative data. For example if experience taught an investor that TSMC (Taiwanese semiconductor stock) is driven by Tech, tension between US-China, news on Taiwan and consumer behaviour narratives then we can point our model to those narratives in our dataset and it can learn to predict stock prices from those narratives. So it can learn for example if there is tension on Taiwan how that relates to future prices. In case someone has narratives they want to test (eg Oil, Middle-east, economy for the price of ExxonMobil) let me know and I will run the model and share the output dashboard.*

Example output: [https://imgur.com/gGwFWPw](https://imgur.com/gGwFWPw) (real dashboard is interactive but it is on a private server and im not sure whether its allowed to share the link)

&#x200B;

Alternative data and Machine Learning are gaining rapid traction in the investment industry. However AI and Machine learning still is not able to beat the market or most regular investors in a real life environment, even though the internet is full of articles predicting stock prices with 99% accuracy (overfitting is no joke). One can safely say there are domains where humans outperform AI and there are domains where it is the other way around. This also goes for investing. But why only use either human input or AI input when you can also combine them?

In this post Ill try to explain how we build a model that uses both human intuition and AI in analysing the stock market, as well as some examples on how it works in practice. This will be followed up by more elaborate examples in subsequent articles. As said in case someone has a narrative they want to test let me know.

**Where humans have the edge over AI‚Äî developing investment narratives**

Academics are becoming increasingly convinced that narratives play a key role in explaining stock price movements (eg Robert Shiller ‚Äî Narrative Economics, Andrew Lo-Adaptive Markets). Not so strange if you think about it, people have been storytellers for thousands of years and our brains are hardwired to build a narrative for everything we experience. The best stock pickers in the world are using narratives to make their plays, only they call their narratives investment theses, scenario‚Äôs or bets. The famous play George Soros made against the Bank of England basically was betting on a narrative, namely the narrative that the Bank of England would be able to keep supporting the British pound. Similarly tension in oil producing countries are narratives that move the price of ExxonMobil. Or narratives what the FED will do will move the entire SP500. Essentially when you start to think about it, narratives really matter.

&#x200B;

Humans are way better than AI in and telling stories and recognizing stories. A five year old can tell a coherent story whereas even the most sophisticated AI (eg GPT -3) still struggles with telling a random story, let alone recognizing one. Ask an investor what narrative will affect the stock price of Microsoft and he will instantly have some idea that it relates to tech, working from home (and therefore Covid developments) and cloud computing. AI does not have that intuition.

**Where AI has the edge over humans ‚Äî data and patterns**

Humans can see the big picture, but AI can spot the details, and it can do it better and faster. I can write an AI script in one hour that can beat any human at the ‚ÄúFind Wally‚Äù game, no matter if they are trained to do it for decades. Similarly I can (and I did) write an AI script that is able to monitor any desired narrative. And where the average investor might be able to crunch several news sources per day, AI can monitor thousands within minutes. Moreover we programmed our AI to pick up meaningful and small differences in nuance of specific narratives that humans cannot detect. Additionally AI can assess whether narratives are discussed in a positive or negative tone. In this way we can see whether negative sentiment is developing on oil, or positive sentiment on interest rates, or controversy around working from home, or fear of negative economic data, or an increase in bullish sentiment within the manufacturing sector, or on any other narrative one can think of.

Let humans find the narrative and let AI find the pattern

Having established all that we set out to build a model where humans can supply the narrative (whether that is an investment thesis, stress-scenario or monitoring the new hype sector) and AI. Below is a brief explanation of the steps taken to build a narrative model, followed by an exemplary case study/example.

&#x200B;

**Human input** ‚Üí Which narratives are suspected to drive price. Experienced investors generally have a good sense on what news or narratives drive price. We can use this information to feed in to our model (see also the real life example further on).

**Narrative-investing.io** **model AI input** ‚Üí deduce narrative time series from our alternative dataset (Financial Tweets, Financial headlines, Financial subreddits). This is done by:

\- Using our customized algorithm to assign a narrative to each headline or Tweet

\- Determine for each relevant headline (i.e. that is related to the narrative) its sentiment, emotional value etc by using a Machine Learning based sentiment/emotion classifier.

**Narrative-investing.io** **model AI input** ‚Üí Analyse which narrative exposures are most important in explaining future price. We feed (lagged) price and our narrative time series to our model. From this our model can be trained on what narrative series are most important in explaining future price movements.

**Narrative-investing.io** **model AI input** ‚Üí Having established a model we continuously keep monitoring how narratives develop and how this would influence future price movements. We do this by setting up a dashboard with all relevant metrics.

We did this by leveraging our inhouse dataset of news websites, financial tweets and Reddit data. As with all things in live, it helps to describe this with an example;

**A real life example**

The investors‚Äô intuition ‚Äî Eg I know an investor in the semiconductor industry. Many years of experience taught him that the semiconductor industry is sensitive to various domains/narratives, from which he gave the following as input to our model:

\- Taiwan ‚Üí Taiwan is one of the main semiconductor producing regions. Uncertainty on that region seems to affect the semiconductor market.

\- China US tension ‚Üí Related to above, if there is tension between US and China it increases tension with respect to Taiwan.

\- Consumer ‚Üí Consumers create demand for semiconductors. Positive narratives on consumers influence the semiconductor market.

\- Tech ‚Üí Tech is heavily dependent on semiconductors and positive narratives on is reflected in the semiconductor market.

\- Economic factors ‚Üí Finally all general economic narratives are also at play for the semiconductor business. So FED policy, investors emotions and all other economic related narratives are taken in to account.

The narrative time series‚Äî From the ideas investors have we can let AI determine narrative time series from our alternative dataset of millions of tweets and headlines. We plotted a subset of our narratives against the stock market returns of TSMC stock (a large semiconductor company). Already you see there is some relation.

&#x200B;

Example of a narrative time series vs stock returns, see dashboard middle right chart ([https://imgur.com/gGwFWPw](https://imgur.com/gGwFWPw))

Determining the most important narratives ‚Äî From all narratives given we can let our model analyse which narratives are most important for (future) returns.

&#x200B;

Most important narratives for TSM returns see dashboard middle chart ([https://imgur.com/gGwFWPw](https://imgur.com/gGwFWPw))

Here you see the top 10 most important narratives. For TSM this means that when consumer news gets more exposure that is an important indicator for future price. Almost as important as the sentiment on news on Taiwan (second row). This in turn is followed by negative exposure of consumer headlines.

Monitoring narratives and run predictions ‚Äî All these metrics (and many more) are then continuously updated on our dashboard. In this way the investors intuition can be quantified and monitored. Our engine and AI model is able to build time series for any narrative so all of our dashboard are unique and tailormade to the need of the investor or client. It helps them leveraging all their years of experience and intuition by means of our dataset and AI analyses.

&#x200B;

This in a nutshell explains how we tried to build a model that offers the best of both worlds, human intuition combined with the rigor and insight from AI. There are a lot more use cases for this model (spoiler, scenarios analyses, trend watching, theme investing) but for know this more than enough reading material I guess;)",nlhbrq,['AI'],0
569,2021-05-26,stocks,"Hey everyone, here's the first part to a series on the basics of Accounting, focusing on how to read and analyze the 3 financial statements. It's based on notes I have taken in the past, enjoy!

# The Income Statement

**What is it?**

The income statement is one of the most common and important financial  statements you‚Äôll come across. It‚Äôs also known as the profit and loss  (P&L) statement, summarizing all income and expenses over the period  of analysis, often shared as quarterly and annual reports.

**What is its purpose?**

The function of an income statement is to show a company‚Äôs financial performance over the period of analysis.

**What is inside an income statement?**

* **Revenue:** The amount of money a business takes in during a reporting period
* **Expenses:** The amount of money a business spends during a reporting period
* **Costs of goods sold (COGS):** The cost of component parts of what it takes to make whatever it is a business sells
* **Gross profit:** Total revenue less COGS
* **Operating income:** Gross profit less operating expenses
* **Income before taxes:** Operating income less non-operating expenses
* **Net income:** Income before taxes less taxes
* **Earnings per share (EPS):** Division of net income by the total number of outstanding shares
* **Depreciation:** The extent to which assets (for example, aging equipment) have lost value over time
* **EBITDA:** Earnings before interest, depreciation, taxes, and amortization

>*These items often contain sub categories and separate line items depending on a company‚Äôs reporting and accounting policies.*

**Classifying Expenses**

**There are three different types of expenses**

**1.** **Operating Expenses**

>**a.** Expenses associate with the operations of the business.**b.** Direct costs of producing the product/service and other expenses associated with production, including SG&A expenses.

**2.** **Financing Expenses**

>**a.** Expenses associated with the use on non-equity financing.**b.** Most often taking form of interest expenses on debt.

**3.** **Capital Expenses**

>**a.** Expenses that provide benefits over many years.**b.** For a manufacturing company these can be plant & equipment.**c.** For non-manufacturing companies they can be less conventional and tangible forms.

**Their Placement**

>***No images allowed on the sub, so here's a link:*** [*https://imgur.com/WCDqBee*](https://imgur.com/WCDqBee)  
>  
>üìå **SUMMARY:**  Operating expenses associate with operations of the business, financing  expenses with non-equity financing and capital expenses with ones that  provide benefit over many years.

Revenue Recognition

For  most firms, revenue recognition is a simple process, where once a  product or service is sold, it is recorded as revenues. For firms that  sell products or services over many years (eg. subscriptions) it becomes  trickier.

**Under ASC 606 (new revenue recognition standard):**

* The  new model‚Äôs core principle for revenue recognition is to ‚Äúdepict the  transfer of promised goods or services to customers in an amount that  reflects the consideration to which the entity expects to be entitled in  exchange for those goods or services.‚Äù
* Thus,  for a real estate developer working on a multi-year construction,  revenues should be recognized as construction progresses, and for a  software firm that enters in a contract over many years, performance  obligations will determine when revenues get recognized.

>**üìå  SUMMARY: For most firms, when a product or service is sold, it is  recorded as revenues. For firms that deal with long term contracts,  memberships, subscriptions etc. revenue is recorded depending on sum and  duration - eg. $120,000 for 1 year of service = $10,000/month recorded  revenue.**

Revenue breakdowns

As companies enter **multiple businesses and different geographies**, it is useful to know **where they generate their revenues.**

**Where** are **geographic breakdowns found?**

* While the breakdown can **sometimes** by provided in **income statements**, they are more likely to be part of the **footnotes to the financial statements.**
* Companies generally break down ***revenues by geography***, though the degree of detail can vary.
* Companies also break down ***revenues by business segment***, though there is an element of **subjectivity to the segment categorization.**

>**üìå SUMMARY:** Companies generally **break down revenues by geography** with a varying degree of detail and **revenues by business segments**  subjective to the segment categorization. Both can sometimes be found  in the income statement, but generally they are found in the **footnotes of the financial statements.**

Operating expenses: Breakdown

Operating  expenses are broken down into expenses directly related to producing  the goods or services that give rise to revenues, i.e. cost of goods  sold, and expenses that are related to operations, but which are not as  directly tied to revenues.

**How** are operating expense broken down?

1. Expenses directly **related to the production** of goods / services that **increase revenues.** These are **netted out** form **revenues to get gross profits.**
2. Expenses related to operations, not directly tied to revenues. These are **netted out** from **gross profits to get operating income.**

**SG&A Costs**

1. In many companies, the **largest** **non-operating expense is S, G & A**, a term that can include everything but the kitchen sink.

>**üìå SUMMARY:** Companies **break down revenues** by how they **relate to production** or **operations.** The **former tied to the increase of revenues,** the **latter not.**

Depreciation

There are three forms of depreciation; **economic, accounting & tax depreciation.**

1. **Economic Depreciation**

This reflects the **loss in value (earning power) in an asset, as it ages.** It requires nuance, and will vary across even the same type of assets, depending on how it is used.

2. **Accounting Depreciation**

This is more mechanical and is **driven largely by the aging of the asset**, with the differences often being in whether it happens **uniformly over the life of the asset or is more accelerated.**

3. **Tax Depreciation**

This reflects what the tax authorities will allow as **depreciation for purposes of computing taxable income.**

>**üìå SUMMARY: Economic** depreciation reflects **loss in value (earning power) in an asset, as it ages.** **Accounting** depreciation is **driven by the aging of an asset,** **depending** if it occurs **over the life time of the asset or in a more accelerated period.** **Tax** depreciation reflects **what authorities allow as depreciation** for purposes of **computing taxable income.**

Financial expenses

The most common financial expense is **interest expense on debt**, either in the form of bank loans or corporate bonds.

**Some interest expense is implicit**

As accountants classify other **commitments (such as leases) as debt, some of the interest expense is implicit**, i.e., it is calculated by accountants **based upon their assessment** of the **debt equivalent value of commitments and current interest rates.**

**If interest income exceeds interest expense, this number will measure net interest income.**

In some companies, **interest expenses are netted out against interest income earned by the company on its cash holdings** and **financial investments**, and **reported as a net interest expense**. If interest income exceeds interest expense, this number will measure net interest income.

>**üìå SUMMARY:** Most **common financial expense is interest expense on debt**, either **bank loans or corporate bonds.** Accountants classify **other commitments (leases etc.) as debt,** making some **interest  expense implicit and calculated based on their assessment of debt  equivalent value of commitments and current interest rates.** Some companies net out interest expense against interest income earned on cash holdings and financial investments. If **interest income exceeds interest expense, this number will measure net interest income.**

Income from non-operating investments

Income  earned from cash & marketable securities are reported different  then income earned from cross holdings in other companies.

**Cash & Marketable Securities**

**Income earned on cash holdings** (which is invested in marketable securities, like treasury bills and commercial paper in most companies) will be **reported either as a stand alone income or netted against interest expenses.**

**Cross holdings** in other companies

* Reporting can vary upon the magnitude of your holding:
* When you hold a (**small or minority**) portion of **another company,** the **income** from that holding will **usually be reported in the income statement.**
* If you hold a **majority stake of another company**, you will generally **have to consolidate your financials.** You will **count 100% of the subsidiary‚Äôs revenues,** **operating expenses and operating income as your own.**

>**üìå SUMMARY: Income earned** on **cash holdings** will be reported either as a s**tand alone income or netted against interest expenses. Income** earned from **minority stake** in a company will usually be reported in the **income statement.** If you hold a **majority  stake of another company, you will consolidate 100% of it's revenues,  operating expenses and operation income as your own.**

Extraordinary Income/Expenses

As the term implies, extraordinary income and expenses are designed to capture what a company **does not face in the ordinary course of operations.**

**Extraordinary** items include:

* **One-time expense or gain** from **sale of assets or divisions**
* **Write offs or charges** associated with **past project, lawsuits or fines**
* **Impairment of goodwill from acquisitions** in the **past**

**Truly extraordinary** items:

* If an item is **truly extraordinary**, it should show up **infrequently** and the amount associated with it **should vary**.

>**üìå SUMMARY: Extraordinary** items and expenses capture what a company **does not face in the ordinary course of operations**. If an item shows up **regularly and consistently, it is not extraordinary.**

Income Statement Analysis

There are **two** **methods** to read and analyze financial documents: **vertical and horizontal analysis.**

**Vertical Analysis**

>***No images allowed on the sub, so here's a link:*** [*https://imgur.com/tsbdF73*](https://imgur.com/tsbdF73)

This  method of analysis, as the name suggests, is top ‚Äì down. You look up  and down the income statement to see how each line compares to revenue  as a percentage.

This type of  analysis makes it simple to compare financial statements  across periods  and industries, and between companies, because you can  see relative  proportions. It also helps you analyze whether performance  metrics are  improving.

Vertical analysis isn‚Äôt  always as immediately useful as horizontal  analysis, but it can help  you determine what questions should be asked,  such as: *Where did costs rise or fall? What line items are contributing most to profit margins? How are they affected over time?*

**E.g** ‚Äì here we have the total dollar amounts and the percentages side by side

**Horizontal Analysis**

>***No images allowed on the sub, so here's a link:*** [*https://imgur.com/Zkgy21y*](https://imgur.com/Zkgy21y)

This method of analysis focuses on **year-over-year (YoY) or quarter-over-quarter (QoQ) performance.**

Horizontal  analysis makes financial data and reporting consistent per  generally  accepted accounting principles (GAAP). It improves the review  of a  company‚Äôs consistency over time, as well as its growth compared to   competitors.

Because of this,  horizontal analysis is important to investors and  analysts. By  conducting a horizontal analysis, you can tell what‚Äôs been  driving an  organization‚Äôs financial performance over the years and spot  trends and  growth patterns, line item by line item. Ultimately,  horizontal  analysis is used to identify trends over time‚Äîcomparisons  from Q1 to  Q2, for example‚Äîinstead of revealing how individual line  items relate  to others.

**To perform horizontal analysis you:**

1. Take the value of Period N
2. Divide it by the value of Period N-1
3. Subtract 1 from that number to obtain percentage change

>**E.g ‚Äì** ***Revenue in 2017 was $4,000 and in 2016 it was $3,000. The YoY change in revenue is $4000/$3000 ‚Äì 1 = 33%.***",nlhcci,[],0
570,2021-05-26,stocks,"The Court orders Royal Dutch Shell, both directly and via the companies and legal entities it commonly includes in its consolidated annual accounts and with which it jointly forms the Shell group, to limit or cause to be limited the aggregate annual volume of all CO2 emissions into the atmosphere (Scope 1, 2 and 3) due to the business operations and sold energy-carrying products of the Shell group to such an extent that this volume will have reduced by at least net 45% at end 2030, relative to 2019 levels.

Link (in English): [https://uitspraken.rechtspraak.nl/inziendocument?id=ECLI:NL:RBDHA:2021:5339&showbutton=true&keyword=Shell](https://uitspraken.rechtspraak.nl/inziendocument?id=ECLI:NL:RBDHA:2021:5339&showbutton=true&keyword=Shell)",nlhcwo,[],0
571,2021-05-26,stocks,"So I read that UVXY was undergoing a stock consolidation and the next thing I know I've lost my investment in the fund. 

I had like 180 shares. Now I only have 18 shares. And my $2000 in equity is now only $70.

The fuck happened?",nlhd2t,[],0
584,2021-05-26,stocks,"https://www.nasdaq.com/articles/agilent-a-q2-earnings-revenues-beat-estimates-rise-y-y-2021-05-26

EPS was beaten by 18.3% along with significant increases across the board for revenue etc.

Agilent is in the life sciences equipment industry and a leading provider of chromatography equipment. The sector has largely been stagnant over the past few months since a significant run-up in 2020 thanks to COVID, but Agilent has been steadily rising. And for once an earnings beat caused the stock price to spike rather than fall.",nlhgpa,[],1
622,2021-05-26,stocks," LONDON ‚Äî A Dutch court on Wednesday ruled oil giant [Royal Dutch Shell](https://www.cnbc.com/quotes/RDS.A) must reduce its carbon emissions by 45% by 2030 from 2019 levels.

That‚Äôs a much higher reduction than the company‚Äôs current aim of lowering its emissions by 20% by 2030.

Shell‚Äôs current [climate strategy](https://www.shell.com/energy-and-innovation/the-energy-future/our-climate-target/_jcr_content/par/relatedtopics.stream/1621314462494/d53de79d4e951642456e928cdfd18b0a1867cf4d/our-climate-target.pdf) states that the company is aiming to become a net-zero emissions business by 2050, with the company setting a target of cutting its CO2 emissions by 45% by 2035.

CNBC contacted Shell to request a comment on the ruling.

Shares of Shell were trading 0.3% lower in London. The stock price is up almost 10% year-to-date, having tumbled nearly 40% in 2020.

The lawsuit was filed in April 2019 by seven activist groups ‚Äî including Friends of the Earth and Greenpeace ‚Äî on behalf of 17,200 Dutch citizens. Court summons claimed [Shell](https://www.cnbc.com/quotes/RDSA-GB)‚Äôs business model ‚Äúis endangering human rights and lives‚Äù by posing a threat to the goals laid out in the Paris Agreement.

Under the Paris Agreement ‚Äî a landmark deal adopted in 2015 and signed by 195 countries ‚Äî nations agreed to a framework to prevent global temperatures from rising by any more than 2 degrees Celsius, although the accord aims to prevent global temperature rises exceeding 1.5 degrees Celsius.

At Shell‚Äôs annual general meeting last week, shareholders [voted overwhelmingly in favor](https://www.cnbc.com/2021/05/18/shell-secures-backing-for-climate-strategy-but-growing-minority-rebel.html) of the company‚Äôs energy transition plans ‚Äî but, crucially, a growing minority rejected the strategy, insisting the oil giant needed to do much more in the fight against climate change.

Activist investor Follow This said at the time that the result was likely to mean Shell would have to revise its climate targets once again.

According to Reuters, the case is the first in which activists have taken a major energy firm to court to compel it to overhaul its climate strategy.

When the lawsuit was filed, a lawyer acting on behalf of environmental groups said the case would ‚Äúraise the pressure‚Äù on other fossil fuel companies.

[https://www.cnbc.com/2021/05/26/dutch-court-rules-oil-giant-shell-must-cut-carbon-emissions-by-45percent-by-2030-in-landmark-case.html](https://www.cnbc.com/2021/05/26/dutch-court-rules-oil-giant-shell-must-cut-carbon-emissions-by-45percent-by-2030-in-landmark-case.html)",nlhpv3,[],0
640,2021-05-26,stocks,"I‚Äôm new to stock, sorry if this is dumb :( basically, if my stock goes up a dollar today, am I able to just sell, then buy another stock in that company for the price I sold it for, increasing the amount of money I have invested in it?",nlhth3,[],0
678,2021-05-26,stocks,"I saw this style of post on the F1 subreddit, and it made me think. 

Have any of you here had any meaningful interactions with any company CEOs or members of companies you are invested in - were they positive or negative?",nli0lv,[],0
693,2021-05-26,stocks,"Looking at for example theaters, airliners, hotels, cruises, etc...some seem to still be pre-covid levels but they haven't generated much value through covid. Is the debt already priced in through their quarterlies?",nli3vo,[],0
742,2021-05-26,stocks,"**$73 NEAR TERM PRICE TARGET**

Check  out the chart below and you tell me if you can see where this is  headed... There is next to zero resistance all the way back to the  $40-$70s trading range and shorts know it.

The massive pushes to $19 and $12 have wiped out all the previous resistance. It's about ready to explode.

A  shareholder update call has been scheduled for June 3rd at 8:30....  just 5 days prior to the annual shareholder meeting on June 8th.  Something big is coming!

**SHORT INTEREST**

Shorts  continue to double down and they are going to very a hard lesson as the  average 3 month volume has dried up. Last time it did this it ran from  $3 to $19 very fast. It's even better this time since there are over 1  million short-sold shares now and a much larger institutional ownership  percentage now.

&#x200B;

Shorts  continue to pile in even with the upcoming shareholder event on June  3rd just 5 days prior to the annual shareholder meeting.

&#x200B;

Couldn't be more perfectly setup for a massive short squeeze.

&#x200B;

75.77 Short Squeeze Score, Ranked 650 out of 6565 companies

INSTITUTIONAL SHAREHOLDER GROWTH

Big  buyers are stepping in now. Even with Vanguard Group lowering theirs  their ETF combine for 1,044,349 total shares held by vanguard. The float  is only 15 million. Sure seems like Vanguard has a lot of faith. Also  helps when you have Ikarian taking up a nice size new position, ""Ikarian  Capital is a biotech investment firm focusing on innovations in drug  discovery and development."" [View all institutional investment in SLS here.](https://fintel.io/so/us/sls)

üì∑

Large Institutional Ownership Growth

Previous Due Diligence available here:

[https://www.reddit.com/r/WallStreetbetsELITE/comments/mq05xp/its\_gme\_and\_amc\_all\_over\_except\_its\_the\_bio\_etf/](https://www.reddit.com/r/WallStreetbetsELITE/comments/mq05xp/its_gme_and_amc_all_over_except_its_the_bio_etf/)",nlig9h,[],1
779,2021-05-26,stocks,Call me dumb but I just bought Ford today while it was on its way up. I know it‚Äôs probably not the best time to buy but I have high hopes it can continue through this inflation a little longer before I sell. Any insight?,nlilhm,[],0
808,2021-05-26,stocks,"Ticker is currently $SSPK, will be changing to $MAPS after the merger goes through. 

Just released yesterday in the S-4/A filing:

To Be Held On June 10, 2021
To the Shareholders of Silver Spike Acquisition Corp:
NOTICE IS HEREBY GIVEN that an extraordinary general meeting (the ‚Äúgeneral meeting‚Äù) of Silver Spike Acquisition Corp., a Cayman Islands exempted company (‚ÄúSilver Spike,‚Äù ‚Äúwe,‚Äù ‚Äúour‚Äù or ‚Äúus‚Äù), will be held on June 10, 2021, at 10:00 a.m. (local time), at the offices of Silver Spike, located at 660 Madison Ave., Suite 1600, New York, New York 10065 for the following purposes:
1.
The Business Combination Proposal ‚Äì To consider and vote upon a proposal to approve the transactions contemplated by the agreement and plan of merger.",nlipuq,[],1
838,2021-05-26,stocks," 

Hey guys! Im looking for a great emerging country ETF as I sense that some smart money is transitioning to better opportunities once the Reopening is over in the US. This will be my other positions besides steel.

Im liking MCHI Etf (China) as it can be seen as cheap, and EWZ (Brazil) one of the most beaten since the start of the pandemic.

What are your thoughts?

Any recommendations?

PD: Im Argentinian and that market is a big NO because of the socialist goverment, getting worse every day.",nliwx4,[],1
850,2021-05-26,stocks,"I'm just so not understand how trading works. Mostly Day trading. I feel like no matter how I research, no matter what I do I always seem to fail. I have never made money on trading. At least not anything serious. Usually lose money pretty handedly. I'm just not understanding how this stuff works. I even took a course, and feel like I took quite a lot away from the course, but still just can't seem to do anything within reason.",nlizin,[],0
862,2021-05-26,stocks,"https://www.cnbc.com/2021/05/26/cvs-walgreens-shares-fall-on-report-that-amazon-may-open-pharmacies.html

CVS Health, Walgreens Boots Alliance and Rite Aid shares fell on a report that Amazon may open brick-and-mortar pharmacies.

The Business Insider report, which cited anonymous sources, said Amazon is considering opening standalone retail pharmacies or adding them to Whole Foods stores.

Drugstore chains have already been squeezed by more consumers buying front-of-store items online.

This is a good news as amazon continue to disrupt other industry. If amazon can add the retail pharmacies to the whole foods stores, that could attract more potential shoppers and boost whole foods stores revenue. It continue to shows that amazon want to expand into health care industry and keep diversifying the business. The stock is trading under $3300, investors can consider buying and holding for long term.",nlj25d,[],1
920,2021-05-26,stocks,"I am looking to get more involved in investing and am doing research to figure out which service would be the best to open an account with. I'm going back and forth on a decision, and I am wondering what you all think. Pros, cons, experiences with these services etc.",nljfic,[],0
938,2021-05-26,stocks,"whats this sub-view on the viability of apple vs other faangs?  personally its more affordable then Microsoft or alphabet, amazon, but is the difference in price per share worth the difference in growth over the next few years?  do you think it will still retain a high growth rate or is it overvalued right now and due for a correction?",nljjva,[],1
955,2021-05-26,stocks,"Hey friends. I noticed that we recently just achieved classical computer obsoletion, with [the first quantum microchips being made to run at room temperature instead of around -400¬∫K](https://www.xanadu.ai/hardware). I'm wondering if anyone knows of any publicly traded quantum computing companies, or any companies like Google or Microsoft that are public that either plan to dabble in it or have already started.

I'm no quantum physicist or code-monkey, just an audio engineer geek, but what little knowledge I have of quantum computers is it fixes the problem that classical computers have had from the beginning: only being truly serial binary machines. Classical computers use binary to have absolute values: 1 or 0 (1 bit). Quantum computers use quantum entanglement of laser light to create superimposed values: 1 or 0, 1 and 0, 1 and 1, 0 and 0 (1 qubit). Not many know this, but when you have Google Chrome, Steam, and Spotify all open, your computer is switching off between processing power very quickly because binary only works in 1 or 0! A quantum computer can truly actually be processing more than 1 thing at the same time, because it can be 1 or 0, 1 and 0, etc.!

This technology can be applied to logistics, blockchains, payment networks (could potentially process near ‚àû/second transactions simultaneously as opposed to VISA's 1700/second), etc. The possibilities are endless and I want in!!!",nljpkq,[],0
956,2021-05-26,stocks,"I‚Äôm planning to use capital.com for long term investments. Reason being is that their customer support is very quick in response and they charge very little currency conversion fees. 

Only con I can think of being:
-they only offer CFD trades so I don‚Äôt actually own the stocks I‚Äôm buying long term. 

I‚Äôm asking you guys if there are any other cons to using capital.com for long term that I‚Äôm missing. If so, please do share before I start depositing money into it.",nlk7w7,[],0
957,2021-05-26,stocks,"Hey- hoping to hear some feedback/advice

I‚Äôm 23 years old, CPA, currently investing about $2,000 per month into individual stocks. Total portfolio is about $40k, made up of 28 stocks. Mostly high multiple tech (ARK stocks), but also some healthcare, big tech, and REITs. I also have a Roth that I contribute $500 per month.

I won‚Äôt need the money for 20-30+ years, and I‚Äôm comfortable holding through volatility. My focus is really just finding quality companies that will be long-term winners. My question is:

1. How many stocks is enough to be adequately diversified as the portfolio grows? I feel i could cut down to under 20 stocks and concentrate in my top holdings. 

2. I‚Äôve been aggressively buying stocks on the way down and trimming positions on the way up. How often should I be taking profit? Does this strategy make sense long-term?

Thanks in advance",nlkdvg,[],0
958,2021-05-26,stocks,"It's lunchtime, Wall St time; time to discuss overlooked stocks that no one is talking about:  Overlooked & possibly undervalued stocks.

All the rules of r/Stocks still apply, so please see the sidebar or [click here.](https://www.reddit.com/r/stocks/about/rules)

**But here's the twist** you can't bring up meme stocks that have been hotly discussed in the past several weeks.  Those stocks that everyone has been talking about, you can't bring up here or they'll be autoremoved.  Why?  It's to keep this thread pure & focused.

The current [list of meme stocks can be found here.](https://www.reddit.com/r/stocks/wiki/meme-stocks)  So don't mention these stocks in this post or your comment will be removed.

Need ideas on which stocks to discuss, [try a screener like this one.](https://finviz.com/screener.ashx?v=111&f=cap_largeover,fa_epsqoq_o10,fa_grossmargin_o70,fa_salesqoq_o10&ft=2)

Important links:

* [Previous discussions on overlooked stocks](https://www.reddit.com/r/stocks/search?q=author%3Aautomoderator+title%3Aoverlooked&restrict_sr=on&include_over_18=on&sort=new&t=all)
* [General discussions](https://www.reddit.com/r/stocks/search?q=author%3Aautomoderator+title%3Adiscussion&restrict_sr=on&include_over_18=on&sort=new&t=all)
* [Rate my portfolio threads](https://www.reddit.com/r/stocks/search?q=author%3Aautomoderator+title%3Arate+my+portfolio&restrict_sr=on&sort=new&t=all)
* [Check out our wiki](https://www.reddit.com/r/stocks/wiki/index)

After discussing your stock here, feel free to create a post on r/Stocks with all the information you might have just learned.

Thanks & enjoy!",nlkgg1,[],1
959,2021-05-26,stocks,"Question: How do I find out where to invest, when I have an idea in which branche I want to invest?


Story: So I have recently decided, I want to eat way less - to no meat and therefore had a lot of exposure with plantbase food and alternatives. I read some articles about this topic and I am now convinced, that the market for plant base food could have a bit of potential. 

Not just because vegetarien-diet is in the uprise, but because the alternatives get better and better (imo). This makes them a direct competition to the meat industry in long term, since the taste will no longer be a major differentiator in the future. 

I mean I am far for an expert and would not give my arguments too much weight , but I kind of want to be invested in one, or a few companies, that are in this branche.

I really have not thought about writing in this subreddit and just went with a stock i randomly read about. This was kind of a mistake i guess, because I invested in this stock, and since then it lost 70% of its value. 
( ""Eat Beyond Global Holdings"" is the name of the company)



Disclaimer: English is not my mother tongue (is this a saying?), so I know there might be a lot of mistakes in there. Please ignore them.",nlki22,[],0
960,2021-05-26,stocks,"This company is fucking amazing. The have the most useful things I've ever seen in my life and the customer service is great. My mom has like 5 of these things and will buy more, and she's kinda broke lol 

They just IPOd last month and have gone up 70%. Anything under $35 is a good deal, do your DD but this company has blown me away and I will continue to try making this my biggest holding.",nlkpw4,[],1
961,2021-05-26,stocks,"  

 

In my life, I have developed a love for Restaurants. The unlimited drinks at a cheap price, the quality boneless Buffalo wings, I love it all. However, there is one thing I have noticed researching Restaurant stocks (starting with my favorite screener, Finviz): many of them are overvalued. Granted, the COVID 19 Disease has plagued and closed many restaurants; so its‚Äô understandable if a restaurant temporarily loses money. However, if a company has little cash, negative cash flow, and a lot of debt, it is likely that the company will either had to get acquired by a speculator, reorganize, or, liquidate. I have three brief case studies that will show you how Restaurant stocks fare in the market.

**First is Dave & Busters (PLAY)**, the Restaurant/Arcade amalgamation that is also noted for their Buffalo wings. The market capitalization for the company is $2.02 billion. In terms of stock price, the company has gone up in price. From $13.23 on August 21, 2020, the company now trades at $42.45. Is it worth it? Let us find out. 

The company‚Äôs equity is only $153 million ($169 million in 2020). With long-term debt, PLAY has $596 million in long-term debt. PLAY also has $1.3 billion in operating lease liabilities (which means that PLAY has a lot of rent to pay). In simpler terms, imagine having to pay $1.3 billion for an apartment without leasing it to anyone. The apartment would go out of business. And remember, the company has not fully recovered from the COVID-19 pandemic! 

Current Assets are low for the company compared to their liabilities. PLAY has only $11.9 million in cash, with only $24 million in inventories. The company also lost $49 million in Free-Cash-Flow. Yes, 2019 had a positive of Cash Flow ($288 million), which is a good way to pay off debt. However, it will take a couple of years before the Restaurant business recovers; and cash cannot pay off the debt. The company has an Enterprise Value (Market Capitalization plus Debt minus Cash) of $3.92 billion. Finally, the company trades at over 13 times its‚Äô book value. 

Would you invest into a company with little cash, lots of debt, loss of revenue? Probably not. 

**Second is Potbelly Corporation (PBPB)**. The company is a sandwich shop that is based in the mid-West as well as select cities in states such as Texas. Akin to PLAY, the company has gained a lot in Stock price; going up from $3.50 in November 2020 to its‚Äô current price of $6.97. Is the company worth $193.81 million? Let us find out. 

PBPB, if invested in December 2015, would only be worth $40 in December 2020. By contrast, $100 in the NASDAQ in the same time would be worth over $260 ‚Äì and that is in spite of the Pandemic. In 2018, the company lost $8.54 million. In 2019, the company lost $23.59 million despite only having $13 million less in revenue (this was due to income taxes). In 2020, the company lost $65.67 million in 2020 due to the Pandemic. 

PBPB only has $11.13 million in cash, and $3 million in inventories. Operating lease liabilities is $35.32 million, wiping out the Current Assets ($23.31 million). Total liabilities are $277.90 million compared to only $283.36 million in assets. PBPB only as $5.5 million in equity; yet, is valued at $193.81 million! Imagine buying $5.50‚Äôs worth of Lemonade for $194. Net cash provided by operating activities has gone down from $31 million in 2018 down to $18.17 million in $11.61 million in 2020. 

PBPB‚Äôs price is not worth the value. 

**Third and finally is Noodles & Company (NDLS)**

NDLS is exactly as it says in the tine: it sells Pasta meals. I have only been in there once in my life. The market values the company at $559 million. Akin to the other two food companies, NDLS has increased in Price over the past year (from $6.40 on November 2nd, 2020) to $12.34 on May 26, 2021. Is it worth the increase? Let us tune in, turn on, and drop out. 

Since 2016, NDLS has had a loss of net income four times (as high as $71.7 million in 2016) out of five.  With Cash Flows, NDLS has been variable, with last year generating only $9.12 million compared to $30.06 million in 2019. NDLS only has $7.8 million in cash and $9.6 million in inventories. Current Assets are $23.71 million. Current liabilities (including $26.1 million in current operating lease liabilities in 2020) are $58.13 million. In other words, immediate liquidity is impossible. Long-term debt is $41 million. 

NDLS may not be as bad as the other two stocks; but, it still is not worth the increase in stock price that happened this past year.

Prices should (in a perfect world) go up if the value is higher than the price. This is not a perfect world, however, and, the market does not reflect price in value sometimes. Restaurant investors beware.",nlku8p,[],0
962,2021-05-26,stocks,"I am new to playing with options. I currently have a option that is up 70% but I have 3 months before the exp of the contract. Would it be wise to continue to hold or escape with a 70% profit. None of this will be taking as Financial advice I‚Äôm just looking for more experienced opinions. 

Thank you üôè",nlkxfq,[],1
963,2021-05-26,stocks,"Burry and Buffett both swear by this book. I've read about half of it and I'll be honest. Idk what practical techniques I've taken away from it. 

Is there like a cheat sheet of like ""Use these calculations to determine the true value of a company""?

What is the meat of what you're supposed to take from that book that makes these financial wizards?",nllnfg,[],0
964,2021-05-26,stocks,"hey so ive had enough of questrades BS and id like to get into a new brokerage, dont really know whats good for canadian options. anyone have something they can strongly suggest? looking to maybe open a margin account as well",nlm9wp,[],1
965,2021-05-26,stocks,"A couple of weeks ago, I submitted a post/rant on how I am fed up with the market volatility, and was down by a total of 110K since the Feb highs (of which 60K was unrealized gain and 50k was capital loss).

[https://www.reddit.com/r/stocks/comments/nbn3ks/ok\_enough\_is\_enough\_now\_i\_need\_to\_cut\_down\_some/](https://www.reddit.com/r/stocks/comments/nbn3ks/ok_enough_is_enough_now_i_need_to_cut_down_some/)

I got lots of comments encouraging me just to hold, and I held. I didn't sell anything. 

As of now, I have recovered about 31K of the 50k, and only 19K down. My plan is once I am even, I will try to move the most speculative stocks into ETFs.

&#x200B;

Looking at the biggest losers now 

TDOC:-10.3K (+5.7k since original post)

IQQH: -8.1K (+4.2K)

BAIDU: -5.5K (+2.9K)

EXPI: -3.6 (+1K)

CSIQ: -1.8 (+1.7K)

BFLY:-2.71(+0.29K)

TPIC: -1.8(+1.1K)

OPENDOOR: -2.1 (+0.4K)

AUPH: -0.76 (+1.44K)

CRSR: -1.26 (+0.24)

**So thanks a lot for encouraging me to hold!!**  **üôè**    **üôè**    **üôè**    **üôè**  

PS:  I tried to do some ""hedging"" with value/commodity stocks in the mean time (these were the only stocks that I bought since the referred post) and almost all are down (isn't it Ironic, don't you think..)

AGCO: -0.25K (-8.5%)

GLD: +0.06 (+1.5%)

CLF: -0.5K (-11%)

FCX: -0.25K (-6%)

OSK: -0.2K (-3.7%)

SCCO: -1.3K (-13.8%)

So, in total, -2.45K down in these stocks...",nlmpvf,[],1
966,2021-05-26,stocks,"Hello I'm just a regular mom who knows nothing about stocks or trading. My 17 year old son told me to invest in Gamestop way back and now I'm kicking myself in the ASS!!! He also told me to invest in Etheruem and in Jan I bought $250 worth and now I have over $1k in there. (I'm saving it for his college). Also kicking my ass for not buying more. Lol Well now he is telling me to invest in Blackberry. Does anyone know anything about this? I'm wondering if I should? I'll buy a little bit just to make him happy, but just wanted to see if anyone with knowledge could give me a suggestion? My son is pretty tech savvy and really smart with math. I'm just not sure if he just listening to some random people who don't know what they are talking about. Figured it's best to ask you experts! Thanks in advance. It's very much appreciated.",nln5br,[],0
967,2021-05-26,stocks,"People have more time and work from home more.  Do you feel that target is a better buy as it takes a more online presence and people want to shop during the day.  

Calls on target and puts on Amazon to 2022 or 2023
Or better yet shares and maybe covered calls ?",nlnekw,[],0
968,2021-05-26,stocks,"I use Robinhood currently (I know, I need away from it) 

I wanna transfer to TD Ameritrade but I also want to learn more about how to find good stocks to invest in before I pull my earnings off of Robinhood.",nlngj8,[],1
969,2021-05-26,stocks,"Just recently started buying my own stocks in addition to the money I have in my robo IRA account.  I had read some information on Sea Limited (SE) and Coupang (CPNG) and bought some shares of those last Friday with a few others that seem to be doing well.

I understand that I need to hold long-term, and that with SE, I missed the bigger dip last year.  I'm perturbed that I bought it right before it started dipping again, but was wondering what the masses think about this stock?  Do you guys think it's overvalued and just correcting itself? What about long-term outlook?  I bought 5 shares @$257 and I can't really find any information as to why it's dropping right now.

I am happy with the other stocks I bought, but this one was a speculative pick that I went with after reading the Motley Fool recommendation.  I feel maybe I got it too late.  Wondering what your opinions were about it?  I'm ok with watching dips and falls and leaving it alone, but I can't help but feel like maybe I did something dumb with that one.",nlnhas,[],0
970,2021-05-26,stocks,"Any price predictions post split for nvidia?educated guessing...psychic predictions...wild speculations...mathematic conclusions pleaseüòÄ
Any and all thoughts r welcome and appreciated 
Thanks for your time...",nlntnl,[],1
971,2021-05-26,stocks,"Just a random thought I had while mindlessly working today. 

With vaccination numbers steadily climbing, states opening up, summer vacation time is coming and people are dying to travel. Would it be smart to throw a couple shares of different airlines and travel companies into my portfolio? 

Thoughts?",nlo9el,[],1
972,2021-05-26,stocks,"I would like to submit an order that will allow the stock to continue falling, but once it shows xzy%/$ increase, the broker should buy.   


Does this exist? I think it sounds a bit like a Trailing Stop Buy order, but almost everything I read about those is for a sell scenario so I'm not sure. I'm pretty new to this so just wanted to test my assumptions first.


Here's the scenario I want:

\- StockA is at $100 and I place a buy order with a $10 trail  
\- StockA falls to $90, $80, $70, $60; order should not execute
\- StockA rises to $69; order should not execute
\- StockA rises to $70; order should execute

Am I right in thinking that a Trailing Stop Buy order with a $10 trail should behave like this? If no, is there another order that would? 

Cheers!",nloc31,[],1
